INVENTARIO TIENDA MIXTA J&K,,,
CANTIDAD,ARTICULO,PRECIO COSTO,TOTAL
4,GALLETA CRAQUEÑA PQ,1450,5800
,GALLETAS DORADITAS PQ,2300,0
,SALTIN MANTEQUILLA PQ,2500,0
,GALLETAS DUCALES PQ,2500,0
,SALTIN NOEL 3 TACOS,4800,0
,SUNTI REFRESCO,1250,0
,PANELADA,1250,0
,FRUTIÑOS,840,0
,MANTEQUILLA CAMPI,4100,0
,MANTEQUILLA CAMPI X 1/4,1600,0
,MANTEQUILLA CUADRITO,800,0
,ACEITE FRITON X 3000,17700,0
,ACEITE FRITON X 1000,6700,0
,ACEITE FRITONX680,5600,0
,ACEITE FRITONX500,3600,0
,ACEITE FRITONX330,2800,0
,ACEITE FRITON X 250 ,1850,0
,ACEITE FRITON X 120,1300,0
,ACEITE FRITON TETERO,750,0
,SAL EN TARRO,1200,0
,SARDINA ECONOMICA,5500,0
,ARDINA VAN-CAMPS MEDIANA,4000,0
,SARDINA VAN-CAMPS GR,7000,0
,SARDINA CILINRICA,3000,0
,SALCHICHA RICA,4100,0
,MAIZ TIERNO,4900,0
,ARVEJA VARDE TARRO,3600,0
,ARVEJA CON ZANAHORIA,3800,0
,ATUN VERDURAS,5100,0
,ATUN ISABEL,5000,0
,ATUN ECONOMICO,3500,0
,HARINA PAN X LIBRA,2000,0
,HARINA PAN X KILO,3800,0
,HARINA DE TRIGO,1550,0
,BLANQUILLOS X 1/2 LIBRA,2200,0
,LENTEJAS X 1/2 LIBRA,2100,0
,LENTEJAS X  LIBRA,3200,0
,FRIJOL X LIBRA,4200,0
,FRIJOL X 1/2 LIBRA,2700,0
,AVENA QUAKER X 115 GR,1200,0
,PASTAS LA MUÑECA PARA SOPA,1550,0
,SPAGUETTY X 200 GR,1550,0
,SPAGUETTY X  LIBRA,4000,0
,CAFÉ AROMA X LIBRA,14000,0
,CAFÉ AROMA X 1/2 LIBRA,9000,0
,CAFÉ AROMA PAPELETA,1700,0
,CAFÉ AGUILA ROJA X LIBRA,18000,0
,CAFÉ AGUILA ROJA X 1/2 LIBRA,10000,0
,CAFÉ AGUILA ROJA PAPELETA,2200,0
,ARROZ DIANA X LIBRA,1700,0
,ARROZ BLANQUITA X LIBRA,1700,0
,ARROZ BOLUGA X LIBRA,1800,0
,ARROZ SELETTY X LIBRA,2600,0
,AZUCAR X LIBRA,1900,0
,SAL  REFRISAL,1250,0
,PANELA REDONDA GR,2300,0
,PANELA REDONDA PQ,800,0
,LECHERITA SOBRE,800,0
,LECHE DESLATOSADA ALQUERIA,4850,0
,LECHE ENTERA ALQUERIA,4850,0
,LECHE DESLATOSADA  SAN FERNANDO,4500,0
,LECHE ENTERA SAN FERNANDO,4000,0
,LECHE BOLSA MEDIANA,1900,0
,LECHE BOLSA PEQUEÑA,1100,0
,BOLSAS PARA LA BASURA ,200,0
,BOLSA INDUSTRIAL,800,0
,,,0
,,1454,0
,,,0
,,,0
,,,0
INVENTARIO TIENDA MIXTA J&K,,,
CANTIDAD,ARTICULO,PRECIO COSTO,TOTAL
,AGUA PERSONAL,800,
,AGUA  CON GAS PERSONAL,800,
,JUGO CAJA,1000,
,JUGO CIFRUT PEQUEÑO,1000,
,JUGO CIFRUT PERSONAL,1200,
,JUGO CIFRUT LITRO,3100,
,ELECTROLIT,7000,
,YOGURT SANFERNANDO,1300,
,BONYURT ALPINA ,3900,
,AVENA BOLSA PEQ,1600,
,AVENA VASO ALPINA,2900,
,AVENA BOLSA GRANDE,6300,
,GELATINA VASO,1600,
,YOGOYOGO GR,6500,
,BONYURT ALQUERIA,3000,
,BONYURT M&M,2500,
,QUESO PARMESANO,4000,
,VIVE100 PERSONAL,2200,
,PREMIO PERSONAL,2300,
,PREMIO LITRO Y 1/2,3750,
,CUATRO PERSONAL,2300,
,CUATRO LITRO Y 1/2,3750,
,CUATRO 3 LITROS,4600,
,SPRITE PERSONAL,2300,
,SPRITE LITRO Y 1/2,3750,
,COCA-COLA PERSONAL,2500,
,COCA-COLA LITRO ,3750,
,COCA-COLA LITRO Y 1/2,5400,
,COCA-COLA 2 LITROS Y 1/2,6250,
,COCA-COLA 3 LITROS,9000,
,COCA-COLA 2 LITROS RETORNABLE,5000,
,BIG COLA 3 LITROS,3900,
INVENTARIO TIENDA MIXTA J&K,,,
CANTIDAD,ARTICULO,PRECIO COSTO,TOTAL
,GELATINA PARA HACER,1500,
,VASOS DESECHABLES,2000,
,PLATO PASTELERO,2500,
,PLATO PARA SECO GR,6000,
,PLATO PARA SECO  MEDIANO,5000,
,PLATO SOPERO,6000,
,TARRO PARA SOPA,5000,
,BOMBILLOS AHORRADORES,3000,
,BOMBILLO ECONOMICO,1500,
,SHAMPOO SAVITAL,900,
,SHAMPOO NUTRIBELLA,900,
,TRATAMIENTO NUTRIBELLA,1300,
,MAQUINA GUILLETTE 3 HOJAS,3800,
,MAQUINA GUILLETTE 2 HOJAS,2800,
,MAQUINA SCHICK X 33 HOJAS,2800,
,MAQUINA MINORA AMARILLA,1500,
,MAQUINA DORCO,700,
,GATORLY SUERO,4000,
,PEDIALYTE,9000,
,COMPOTAS SAN JORGE,2500,
,AJI-NO-MEN SOPAS INST,2600,
,FARINA,1800,
, MAIZENA CAJA PQ,3600,
,VINAGRE LA CONSTANCIA,1500,
,AJO LISTO,4000,
,AJO  LISTO SOBRE,200,
,VINAGRETA X 200 GR,4500,
,SALSA NEGRA DOYPAC,1600,
,SALSA NEGRA SOBRE PQ,200,
,PASTA DE TOMATE X 200 GR,4000,
,SALSA BAR-BQ X 200 GR,5000,
,MOSTAZA X 200 GR,5000,
,MOSTAZA SOBRE PQ,200,
,SALSA DE SOYA DOYPAC,2000,
,SALSA DE TOMATE SAN JORGE,2000,
,MAYONESA SAN JORGE X 120 GR,1400,
,MAYONESA SAN JORGE  SOBRE,1400,
,SALSA ROSADA SOBRE,1600,
,SALSA DE TOMATE FRUCO X 120 GR,2000,
,SALSA DE TOMATE FRUCO SOBRE,1400,
,MAYONESA FRUCO X120GR,2000,
,MAYONESA FRUCO SOBRES,1400,
,POLVO DE HORNEAR SOBRE,1500,
,LEVADURA SOBRE,1000,
,ESENCIAS ,3500,
,MERMELADA SOBRE,1500,
,MIEL TARRO,2200,
,GUISAMAC CAJA,800,
,ALPISTE SOBRE,1600,
,PAJARINA SOBRE,1600,
,PEPAS DE GIRASOL,1600,
,HARINA PARA APANAR,1700,
,MAIZ PIRA,1300,
,LA SOPERA SOBRE,1500,
,MAIZENA SABORES SOBRE,1600,
,AVENA INSTANTANEA DIANA,1000,
,PASTA DE POLLO MAGGY,2000,
,CHOCOLISTO SOBRE,800,
,CAFÉ INSTANTANEO JUAN BALDEZ,1500,
,MILO SOBRE GRANDE,3500,
,MILO SOBRE PQ,800,
,CHOCOLATE PASTILLADO LUKER,1000,
,CHOCOLATE CORONA PASTILLA,1000,
,CHOCOLATE TESALIA PASTILLADO,1000,
,CHOCOLATE CORAZON,3500,
,CREMA DE LECHE PQ ALQUERIA,2500,
,CREMA DE LECHE  DOYPAC ALQUERIA,4000,
,CREMA DE LECHE X 400 GR,8500,
,LECHE KLIM PERSONAL,1200,
,LECHE KLIM X 100 GRAMOS,4000,
,LECHE RODEO X75 GRAMOS,2500,
,LECHE RODEO X 187 GRAMOS,7000,
,NESTUM SOBRE,1500,
,BICARBONATO CAJA,800,
,RICOSTILLA  PASTA Y SOBRES,400,
,ZUCZRITAS PERSONAL ,1200,
,ZUCARITAS GRANDE,4500,
,MANI MIX  BOLSA,800,
INVENTARIO TIENDA MIXTA J&K,,,
CANTIDAD,ARTICULO,PRECIO COSTO,TOTAL
,PAÑAL WINNY ETAPA 2,1100,
,PAÑAL WINNY ETAPA 3,1250,
,PAÑAL WINNY ETAPA 4,1400,
,PAÑAL WINNY ETAPA5,1450,
,NOXPIRIN SOBRE,2200,
,NOXPIRIN PASTAS,1300,
,PASTAS VICK,400,
,GASTRUM SOBRE,2000,
,DOLEX VERDE,700,
,DOLEX NIÑO,900,
,DOLEX GRIPA,1800,
,NORAVER POLVO,2300,
,NORAVER GRIPA,1900,
,NORAVER GARGANTA,1800,
,DURAFLEX PASTA,2000,
,IBUFLASH MIGRAÑA,2000,
,MAREOL ,800,
,LOMOTIL,600,
,COLIK FORTE,1200,
,LORATADINA,400,
,APRONAX,1000,
,ASPIRINETA,600,
,ASPIRINA ULTRA ,1000,
,ASPIRINA EFERVECENTE,1000,
,LUMBAL,1300,
,BUSCAPINA FEM,1700,
,BUSCAPINA COMPUESTA,1700,
,ALKASELZER,1000,
,ALKASELZER EXTREME,2000,
,SEVEDOL,1300,
,CALMIDOL,1100,
,DOLEX FORTEN,1800,
,VITA FER,2000,
,X RAY DOL,1500,
,ADVIL MAX,2000,
,ADVIL ULTRA,2000,
,ADVIL GRIPA,2000,
,ADVIL GRIPA MAX,2200,
,ACETAMINOFEN,70,
,SALDE FRUTAS LUA,2300,
,BONFIEST,3100,
,PASTILLAS VICK,40,
,AMOCIXILINA,400,
,IBUPROFENO,400,
,CEDA DENTAL,2500,
,COPITOS SOBRE,600,
,OMEPRAZOL,300,
,CURAS,100,
,ALVIRUP VAPORU,4800,
,GERINGAS,400,
,ESPADADRAPO,1000,
,MICROPORE,1000,
,YODORA TUBO,3300,
,ACETAMINOFEN JARABE,5000,
,ALCOHOL PEQUEÑO,2900,
,ALCOHOL  BOTELLA,4500,
,CUCHILLA HOJA MINORA,300,
,CUCHILLA   HOJA DORCO,200,
,ALGODÓN,1500,
,ACEITE BABY,1500,
,GASA SOBRE,1500,
,BETUN PEUEÑO,2500,
,TALCO PEQUEÑO,3000,
INVENTARIO TIENDA MIXTA J&K,,,
CANTIDAD,ARTICULO,PRECIO COSTO,TOTAL
,PROTECTORES PAQUETE,1600,
,PROTECTORES INDIVIDUAL,150,
,TOALLAS NOSOTRAS RAPPY GEL,4500,
,TOALLAS NOSOTRAS BUENAS NOCHEZ,4400,
,TOALLAS ELLAS,2500,
,TOALLAS STEYFRY,3000,
,PAPEL HIGIENICO FAMILIA,1900,
,PAPEL HIGIENICO ELITE ROYAZO,1700,
,PAPEL HIGIENICO ELITE PEQUEÑO,1100,
,PAPEL HIGIENICO BLANKOS,1550,
,DOG CHAU  ADULTO,4300,
,DOG CHAU  CACHORRO,4300,
,MIRRINGO ADULTO,4800,
,DON CAT ADULTO,5700,
,DONCAT CACHORRO,5700,
,DOGOURMET CARNES,3000,
,DOGURMET CACHORROS,3000,
,CHUNKY ADULTO,4000,
,CHUNKY CACHORRO,4500,
,NUTRECAM ADULTO,4800,
,NUTRECAN CACHORRO,4000,
,RINGO ADULTO,4000,
,OHMAIGAT X 200 GR,3100,
,Q-IDA CAT,4500,
,DOG CHAU SOBRE,2500,
,WISCAS SOBRE,2500,
INVENTARIO TIENDA MIXTA J&K,,,
CANTIDAD,ARTICULO,PRECIO COSTO,TOTAL
,PAPEL HIGIENICO ELITTE  DUO,,
,PAPEL HIGIENICO ELITTE  PQ,,
,BLANKOS,,
,SERVILLETAS,,
,TOHALLA DE COCINA,,
, WOOLITT DETERGENTE LIQUIDO,,
,DERSA JABON LIQUIDO,,
,SUPER RIEL LIQUIDO,,
,BLANKOS LIQUIDO,,
,LA JOYA LIQUIDO,,
,LAVA LOZA MIDIA,,
,FABULOSO BOLSA,,
,BLANQUEADOR TARRO GRANDE MI DIA,,
,SUAVISANTE TARRO,,
,LIMPIDO ROPA COLOR GRANDE,,
,LIMPIDO ROPA COLOR PEQUEÑO,,
,JABON LIQUIDO MI DIA,,
,LIMPIADOR MI DIA,,
,LIMPIA VIDRIOS MI DIA,,
,VANISH LIQUIDO,,
,CERA MANSION,,
,SANPIC SOBRE,,
,SUAVITEL GRANDE,,
,SUAVITEL  MEDIANO,,
,SUAVISANTE DERSA PQ,,
,LIMPIDO PATOJITO,,
,JABON JOHNSONS,,
,JABON CRISTALINO,,
,JABON MI DIA,,
,JABON DESEO,,
,JABON REXONA,,
,JABON LAK,,
,JABON PALMOLIVE,,
,JABON PROTEX,,
,CREMA DENTAL COLGATE  MEDIANA,,
,CREMA DENTAL COLGATE  PEQUEÑA,,
,CREMA FLUO CARDENT,,
,CREMA FORTIDENT,,
,LAVA LOZA  CREMA MI DIA,,
,LAVA LOZA TARRO LA JOYA,,
,LAVA LOZA AXION PEQUEÑA,,
,PAPEL ALUMINIO,,
,PAÑITOS HUMEDOS PEQUEÑIN,,
,PAÑITOS HUMEDOS WINNY PEQ,,
,PAÑITOS HUMEDOS GRANDES,,
,DETERGENTE DERSA X KILO,,
,ARIEL X KILO,,
,ARIEL X 700 GRAMOS,,
,ARIEL X LIBRA,,
,ARIEL X MEDIA LIBRA,,
,ARIEL X CUARTOS,,
,DISCO DE AXION,,
,JABON VEL ROSITA,,
,JABON DERSA BARRA,,
,JABON DERSA BICARBONATO,,
,JABON SUPREMO,,
,JABON FAMA,,
,JABON REY,,
,JABON FAB X LIBRA,,
,JABON FAB X 1/2,,
,DETERGENTE RINDEX,,
,DETERGENTE 3D,,
,SABRA,,
,ESPONJA COLIBRI,,
,SABRA ABOLLONADA,,
,ESPONJA DE BRILLO,,
,RAY AEROZOL,,
INVENTARIO TIENDA MIXTA J&K,,,
CANTIDAD,ARTICULO,PRECIO COSTO,TOTAL
,CEPILLO DENTAL ADULTOS,2000,
,CEPILLO DENTAL  NIÑOS,2000,
,CEPILLO DENTAL COLGATE,2200,
,GEL EGO SOBRE,900,
,GEL EGO TARRO,3500,
,CERA EGO,1000,
,CREMA DE PEINAR EGO,900,
,GEL BACHUE DOYPAC,2200,
,GEL BACHUE SOBRE,900,
,SHAMPOO HYS,900,
,SHAMPOO HYS GRANDE,1300,
,SHAMPOO PANTENE GRANDE,1300,
,CREMA DE PEINAR PANTENE,900,
,SHAMPOO DOVE,900,
, JABON INTIMO SOBRE,1000,
INVENTARIO TIENDA MIXTA J&K,,,
CANTIDAD,ARTICULO,PRECIO COSTO,TOTAL
,ALCANCIA PQ,1000,
,ALCANCIA  MEDIANA,1200,
,ALCANCIA GRANDE,1500,
,CERVEZA ANDINA,2500,
,CERVEZA POKER,3200,
,CERVEZA AGUILA,3200,
,CERVEZA HEINIKER,3200,
,LOS CUATES,3300,
,REFAJO LATA,2200,
,AMPER,2500,
,ESPARTA ,1600,
,SPIK PERSONAL,1600,
,BIG COLA PERSONAL,1150,
,SPORADE,2200,
,GATORADE,3100,
,HIT PERSONA,2200,
,H2O POSTOBON,2200,
,PONNY MINI,1200,
,PONNY PERSONAL,2200,
,PONNY LITRO,3600,
,PONY LITRO Y 1/2,4500,
,PONY DOS LITROS,5500,
,BRETAÑA PERSONAL,2200,
,BRETAÑA  LITRO Y 1/2,3800,
,AGUA MINI ,600,
,GASEOSA MINI,800,
,LITRON POSTOBON ,2900,
,LITRON GLACIAL,2200,
,AGUA MIA LITRO,1200,
,JUGO HIT LITRO,3800,
,CIFRUT LITRO Y 1/2,3000,
,REFAJO ANDINA,4100,
,PESSI 2 LITROS,4600,
,POSTOBON 3 LITROS,6000,
,LECHE SAN FERNANDO,4000,
,LECHE COLANTA MEGA,4500,
,QUESO CUAJADA,6000,
,AGUA CLARITY LITRO Y 1/2,1700,
INVENTARIO TIENDA MIXTA J&K,,,
CANTIDAD,ARTICULO,PRECIO COSTO,TOTAL
,HUEVOS AA,400,
,HUEVOS AAA KIKE,500,
,HUEVOS YUMBO,750,
,DESODORANTE REXONA SOBRE,1000,
,DESODORANTE BALANCE SOBRE X 2,1100,
,DESODORANTE LADY SPEED STICK,1100,
,DESODORANTE DOVE,1000,
,CREMA LUBRIDER SOBRE,1100,
,POLIMERO Y LAXIOS,2700,
,ACEITE DE ARGAN Y COCO,1800,
,CONDONES HAWAI,1200,
,PROCTECTOR SOLAR,2200,
,ACEITE DE ALMENDRAS,1500,
,REMOVEDOR ECONOMICO,1000,
,ACEITE 3 EN UNO,1500,
,BETUN LIQUIDO,3800,
,TAMPONES X UNIDAD NOSOTRAS,800,
,TAMPONES  NOSOTRASX 3,800,
,TAMPONES OB,900,
,VACELINA,1000,
,SHAMPOO SAVITAL,900,
,SHAMPOO NUTRIBELLA,800,
,SHAMPOO JHONSONS,1100,
,TINTE 5 MINUTOS,5300,
,CREOLINA,2500,
,TAPAVOCAS,500,
,GUANTES DE LATEX,500,
,PILAS ECONOMICAS,1900,
,PILAS ALKALINAS,4000,
,PILA CUADRADA,2000,
,PILAS GRANDES,4500,
,CREMA PONDS,1700,
,PICADAS,1000,
,ROSQUILLAS CALEÑAS,1100,
,CIGARRILLOS LM,4200,
,CIGARRILLOS LM MENTOLADO,4200,
,CIGARRILLOS STARLATE,4000,
,CIGARRILLOS BOSTON,4900,
,CIGARRILLOS LUKY,6800,
,CIGARRILLOS MALBORO,6000,
,CIGARRILLOS ROSMAN,4000,
,CANDELAS,600,
,CANDELA RASTRILLO,650,
,FOSFOROS GRANDES,1200,
, FOSFOROS PEQUEÑOS,350,
,PALILLOS,1000,
,PALOS DE PALETAS,1500,
,PINCHOS,100,
,VELAS,500,
,VELAS DE CEBO,1200,
,BOLSA PLASTICA DE LIBRA,2500,
,BOLSA PLASTICA DE KILO,3000,
,PAÑAL ADULTO M,3500,
,PAÑAL ADULTO L,3500,
,VANISH POLVO,2000,
,GUANTES PARA ASEO,3900,
,CAUCHO PITADORA NEGRO,1000,
,COLADOR DE CAFÉ,2000,
,COLADOR PARA JUGO PQ,1500,
,COLADOR PARA JUGO MEDIANO,1800,
,COLADOR PARA JUGO GRANDE,2000,
INVENTARIO TIENDA MIXTA J&K,,,
CANTIDAD,ARTICULO,PRECIO COSTO,TOTAL
,DESODORANTE REXONA TUBO,3000,
,DESODORANTE YODORA TUBO,3000,
,DESOSORANTE LEYDY SPYTE TUBO,3100,
,GEL EGO TARRO,3500,
,PERFILADOR,1000,
,CORTA CUTICULA ,2500,
,LABIAL MAGICO,1000,
,ESMALTES,1500,
,BASE DE CELULAR,5000,
,CORTA UÑAS GRANDE,1500,
,CORTA UÑAS PEQUEÑO,1000,
,UÑAS POSTIZAS ,1000,
,LAPIZ DE CEJA,1000,
,LIMA CARTON,600,
,LIMA METALICA,1000,
,CUBRE CANAS,4000,
,CANDADOS PEQUEÑOS,3000,
,CANDADOS MEDIANOS,4500,
,MOÑAS GRANDES,5000,
,MOÑAS PEQUEÑAS,300,
,CAUCHOS PARA EL PELO,1000,
,BOMBAS X UNIDAD,300,
,TIRAS DE BRASIER,1200,
,VELAS VOLCAN VELAS DE NUMEROS,1200,
,TOMA CORRIENTE ,5000,
,MOÑAS ADELMO,1000,
,MARCADORES PERMANENTES,1200,
,MARCADORES BORRABLES,1200,
,CORRECTOR,1200,
,MARCADOR SHARPIE,3200,
,MARCADOR PUNTA FINA ,1500,
,LAPICEROS ,600,
,TEMPERAS POR UNIDAD,1000,
,CINTA ENMASCARAR,2200,
,PEGANTE EN BARRA,1800,
,BORRADOR LINEA AZUL,1300,
,SACAPUNTA ECONOMICO,400,
,SACAPUNTA CON DEPOSITO,1700,
,CAMPAZ,1500,
,TRANSPORTADOR,1200,
,JACA DE TEMPERAS,2500,
,TIJERAS,1000,
,VISTURI,1200,
,CINTA TRANPARENTE PQ,500,
,CINTA TRANPARENTE GR,1800,
,CINTA ISLANTE,600,
,CINTA TEFLON,600,
,ESCARHA TUBO,300,
,PINSAS NEGRAS,1000,
,CAJA DE CLIK,1500,
,VINILO GRANDE,1500,
,FACTUREROS,1200,
,RECIBOS DE CAJA,1200,
,TALONARIOS DE RIFAS,1200,
,PLASTI FOMMY,4000,
,COLORES PQ,900,
,COLORES GRANDES,1400,
,CREAYOLAS PQ,1200,
,CREAYOLAS GRANDES,1450,
,EGA TARRO,2500,
,EGA MEDIANA,1200,
,EGA PEQUEÑA,700,
,PEINETA BOLSILLO,300,
,PEINETA CABO,700,
,PEINE PIOJO,300,
,LAPIZ,700,
,SACA PIOJOS,1500,
,HILOS TUBINO,500,
,HOJAS DE VIDA,300,
,BLOOK,3000,
,CUADERNILLO DE DIBUJO,4000,
,CONTRATOS,1000,
,LETRAS DE CAMBIO,2000,
,SOBRES DE MANILA,200,
,HOJAS DE BLOOK,50,
,BLOOK CUADRICULADO,3000,
,CUADERNOS GRANDES,3000,
,ADACTADORES PVC,300,
,CORTINA DE BAÑO,15000,
,CILICONA GRUESA,1000,
,CILICONA DELGADA,500,
,PINCEL,600,
,GUANTES DE BAÑO,1500,
,LIJA DE PIES,2000,
,TIZAS,100,
INVENTARIO TIENDA MIXTA J&K,,,
CANTIDAD,ARTICULO,PRECIO COSTO,TOTAL
,DORITOS GRANDE,,
,DETODITO FAMILIAR,,
,CHOCLITOS FAMILIAR,,
,MARGARITA GRANDE,,
,CHETOS GRANDE,,
,CHISTRIS GRANDE,,
,CHOCLITOS BOLSAZA,,
,CHISTRIS BOLSAZA,,
,DORITOS BOLSAZA,,
,DETODITO PERSONAL,,
,DORITOS PERSONAL,,
,CHOCLITOS PEQUEÑOS,,
,NATU CHISP,,
,MARGARITA  PERSONAL,,
,CHISTRISPEQUEÑO,,
,CHETOS PERSONAL,,
,BOMBOMBUM,,
,BANANAS,,
,MANIMOTO,,
,RIZADAS FAMILIAR,,
,RIZADAS PERSONAL,,
,YUPI PERSONAL,,
,PALOMITAS,,
,TOCINETAS,,
,TOSTI EMPANADAS,,
,AREPAS ALEJA,,
,PLATANITOS,,
,PERAS,,
,GALLETA PEPITAS,,
,MASMELOS,,
,GELATINA BLANCA,,
,BOCADILLO BELEÑO,,
,TRAIDENS GRANDE,,
,TRAIDENS MEDIANO,,
,TRAIDENS PEQUEÑO,,
,HALLS CAJA,,
,HALLS BARRA,,
,HALLS  PEPA,,
,GOMITAS PAQUETE,,
,GOMITAS UNIDAD,,
,GALLETAS MAMU,,
,BRAUNNY,,
,CHOCOLATINA YUMBO GRANDE,,
,COCOLATINA YUMBO MEDIANA,,
,CHOCOLATINA YUMBO PEQUEÑA,,
,CHOCOLATINA JET GRANDE,,
,CHOCOLATINA JET MEDIANA,,
,CHOCOLATINA JET PQ,,
,CHOCOLATINA BIANCHI,,
,CHOCORRAMO ,,
,CHOCOSO,,
,SUBMARINO,,
,RAMITO X DOS,,
,TORTA RAMO,,
,GALLETAS FESTIVAL,,
,GALLETAS OREO TACO,,
,GALLETAS OREO ,,
,GALETAS MILO,,
,GALLETAS BRISTT,,
,GALLETAS CHOKIS,,
,GALLETAS RONDAYA,,
,GALLETAS CLUB SOCIAL,,
,GALLETAS DUX,,
,CUCAS,,
,TIKIS CHOCOLATE,,
,TAKIS,,
,AREQUIPE ALPINA,,
,AREQUIPE ALQUERIA,,
,TORTAS BIMBO,,
,PAN TAJADO ECONOMICO,,
,PANTAJADO BIMBO GR,,
,PAN TAJADO BIMBO PQ,,
,PAN INDIVIDUAL,,
,PAN PAQUETE,,
,TOSTADOS SANIN,,
,TOSTADOS SANIN INTEGRAL,,
,TOSTADOS BIMBO,,
,TOSTADOS LA GITANA,,
INVENTARIO TIENDA MIXTA J&K,,,
CANTIDAD,ARTICULO,PRECIO COSTO,TOTAL
,PECHUGA A GRANEL,,
,PERNIL CAMPESINO,,
,VISCERAS SANTIPOLLO,1800,
,BANDEJA SANTIPOLLO,3900,
,BANDEJA BUCANERO,,
,CARNE DE RES ,16300,
,CARNE MOLIDA DE RES,8300,
,CARNE DE CERDO,10050,
,CHULETON,6800,
,COSTILLA AHUMADA FERNY,9010,
,SALCHICHON CALIMA,5810,
,MORTADELA CALIMA,,
,SALCHICHA MANGUERA X LIBRA,2667,
,JAMON CALIMA,,
,SALCHICON CERVECERO,17850,
20,SALCHICHA MANGUERA RICA X UNIDAD,2672,
,SALCHICHON ZENU CERVERONI,30587,
,SALCHICHA RICA X 3,4389,
,SALCHICHA RICA X5,5848,
,SALCHICHA COLANTA X 6,,
,SALCHICHON COLANTA RODAJAS,,
,SALCHICHON MIXTO COLANTA,,
,CHORIZO X 3 DE RICA,4889,
,CHORIZO X 2 SANTARROSANO,3870,
,CHORIZO CASERO ,,
,FILETES  DE POLLO X 10,26000,
,PULPAS,1800,
,QUESO COSTEÑO,16000,
,YUCA,2500,
